{
  "documents": [],
  "tables_parsed": [],
  "tables_source_info": [],
  "images": [],
  "summary": {
    "total_files": 1,
    "by_category": {
      "documents": 0,
      "tables_parsed": 0,
      "tables_source_info": 0,
      "images": 0,
      "document": 1
    },
    "processing_time": null
  },
  "document": [
    {
      "original_name": "Document 19",
      "file_name": "Document 19.md",
      "file_path": "/workspace/company_website/uploaded_files/documents/Document 19.md",
      "file_type": "pdf",
      "category": "document",
      "summary": "Processed Document 19 for coding",
      "source_id": "2008415347696381952"
    }
  ]
}